Double Fudge Brownie,Peanut Butter Swirl,Purple Cow,Mint Chocolate Chip
Peanut Butter Swirl,Purple Cow,Double Fudge Brownie,Mint Chocolate Chip
Peanut Butter Swirl,Mint Chocolate Chip,Double Fudge Brownie,Purple Cow
Double Fudge Brownie,Purple Cow,Peanut Butter Swirl,Mint Chocolate Chip
Peanut Butter Swirl,Purple Cow,Double Fudge Brownie,Mint Chocolate Chip
Purple Cow,Mint Chocolate Chip,Double Fudge Brownie,Peanut Butter Swirl
Double Fudge Brownie,Peanut Butter Swirl,Purple Cow,Mint Chocolate Chip
Peanut Butter Swirl,Mint Chocolate Chip,Purple Cow,Double Fudge Brownie
Mint Chocolate Chip,Peanut Butter Swirl,Double Fudge Brownie,Purple Cow
Mint Chocolate Chip,Purple Cow,Peanut Butter Swirl,Double Fudge Brownie
Mint Chocolate Chip,Purple Cow,Peanut Butter Swirl,Double Fudge Brownie
Double Fudge Brownie,Purple Cow,Peanut Butter Swirl,Mint Chocolate Chip
Double Fudge Brownie,Mint Chocolate Chip,Purple Cow,Peanut Butter Swirl
Purple Cow,Double Fudge Brownie,Mint Chocolate Chip,Peanut Butter Swirl
Peanut Butter Swirl,Mint Chocolate Chip,Purple Cow,Double Fudge Brownie
Peanut Butter Swirl,Double Fudge Brownie,Purple Cow,Mint Chocolate Chip
Double Fudge Brownie,Purple Cow,Mint Chocolate Chip,Peanut Butter Swirl
Purple Cow,Peanut Butter Swirl,Double Fudge Brownie,Mint Chocolate Chip
Purple Cow,Mint Chocolate Chip,Double Fudge Brownie,Peanut Butter Swirl
Peanut Butter Swirl,Mint Chocolate Chip,Double Fudge Brownie,Purple Cow
Peanut Butter Swirl,Double Fudge Brownie,Purple Cow,Mint Chocolate Chip
Purple Cow,Mint Chocolate Chip,Peanut Butter Swirl,Double Fudge Brownie
Mint Chocolate Chip,Purple Cow,Double Fudge Brownie,Peanut Butter Swirl
Double Fudge Brownie,Purple Cow,Peanut Butter Swirl,Mint Chocolate Chip
Peanut Butter Swirl,Mint Chocolate Chip,Purple Cow,Double Fudge Brownie
Mint Chocolate Chip,Peanut Butter Swirl,Double Fudge Brownie,Purple Cow
Purple Cow,Double Fudge Brownie,Mint Chocolate Chip,Peanut Butter Swirl
Peanut Butter Swirl,Double Fudge Brownie,Mint Chocolate Chip,Purple Cow
Double Fudge Brownie,Peanut Butter Swirl,Purple Cow,Mint Chocolate Chip
Purple Cow,Peanut Butter Swirl,Double Fudge Brownie,Mint Chocolate Chip
Purple Cow,Double Fudge Brownie,Mint Chocolate Chip,Peanut Butter Swirl
Double Fudge Brownie,Peanut Butter Swirl,Purple Cow,Mint Chocolate Chip
Purple Cow,Double Fudge Brownie,Mint Chocolate Chip,Peanut Butter Swirl
Peanut Butter Swirl,Mint Chocolate Chip,Purple Cow,Double Fudge Brownie
Peanut Butter Swirl,Mint Chocolate Chip,Purple Cow,Double Fudge Brownie
Mint Chocolate Chip,Peanut Butter Swirl,Double Fudge Brownie,Purple Cow
Mint Chocolate Chip,Purple Cow,Double Fudge Brownie,Peanut Butter Swirl
Purple Cow,Double Fudge Brownie,Peanut Butter Swirl,Mint Chocolate Chip
Double Fudge Brownie,Purple Cow,Mint Chocolate Chip,Peanut Butter Swirl
Mint Chocolate Chip,Purple Cow,Double Fudge Brownie,Peanut Butter Swirl
Purple Cow,Mint Chocolate Chip,Double Fudge Brownie,Peanut Butter Swirl
Purple Cow,Peanut Butter Swirl,Mint Chocolate Chip,Double Fudge Brownie
Double Fudge Brownie,Mint Chocolate Chip,Purple Cow,Peanut Butter Swirl
Peanut Butter Swirl,Purple Cow,Mint Chocolate Chip,Double Fudge Brownie
Mint Chocolate Chip,Purple Cow,Double Fudge Brownie,Peanut Butter Swirl
Purple Cow,Mint Chocolate Chip,Double Fudge Brownie,Peanut Butter Swirl
Mint Chocolate Chip,Double Fudge Brownie,Peanut Butter Swirl,Purple Cow
Mint Chocolate Chip,Purple Cow,Double Fudge Brownie,Peanut Butter Swirl
Purple Cow,Mint Chocolate Chip,Peanut Butter Swirl,Double Fudge Brownie
Peanut Butter Swirl,Double Fudge Brownie,Purple Cow,Mint Chocolate Chip
Mint Chocolate Chip,Double Fudge Brownie,Purple Cow,Peanut Butter Swirl
Mint Chocolate Chip,Double Fudge Brownie,Purple Cow,Peanut Butter Swirl
Double Fudge Brownie,Mint Chocolate Chip,Peanut Butter Swirl,Purple Cow
Purple Cow,Mint Chocolate Chip,Peanut Butter Swirl,Double Fudge Brownie
Mint Chocolate Chip,Double Fudge Brownie,Purple Cow,Peanut Butter Swirl
Purple Cow,Mint Chocolate Chip,Peanut Butter Swirl,Double Fudge Brownie
Purple Cow,Peanut Butter Swirl,Double Fudge Brownie,Mint Chocolate Chip
Peanut Butter Swirl,Purple Cow,Double Fudge Brownie,Mint Chocolate Chip
Purple Cow,Mint Chocolate Chip,Peanut Butter Swirl,Double Fudge Brownie
Mint Chocolate Chip,Purple Cow,Double Fudge Brownie,Peanut Butter Swirl
Mint Chocolate Chip,Peanut Butter Swirl,Double Fudge Brownie,Purple Cow
Purple Cow,Double Fudge Brownie,Mint Chocolate Chip,Peanut Butter Swirl
Mint Chocolate Chip,Purple Cow,Double Fudge Brownie,Peanut Butter Swirl
Mint Chocolate Chip,Peanut Butter Swirl,Purple Cow,Double Fudge Brownie
Mint Chocolate Chip,Double Fudge Brownie,Peanut Butter Swirl,Purple Cow
Mint Chocolate Chip,Double Fudge Brownie,Purple Cow,Peanut Butter Swirl
Mint Chocolate Chip,Peanut Butter Swirl,Double Fudge Brownie,Purple Cow
Mint Chocolate Chip,Purple Cow,Peanut Butter Swirl,Double Fudge Brownie
Double Fudge Brownie,Peanut Butter Swirl,Mint Chocolate Chip,Purple Cow
Mint Chocolate Chip,Peanut Butter Swirl,Purple Cow,Double Fudge Brownie
Peanut Butter Swirl,Purple Cow,Double Fudge Brownie,Mint Chocolate Chip
Mint Chocolate Chip,Purple Cow,Double Fudge Brownie,Peanut Butter Swirl
Peanut Butter Swirl,Double Fudge Brownie,Mint Chocolate Chip,Purple Cow
Purple Cow,Mint Chocolate Chip,Double Fudge Brownie,Peanut Butter Swirl
Peanut Butter Swirl,Purple Cow,Double Fudge Brownie,Mint Chocolate Chip
Purple Cow,Mint Chocolate Chip,Double Fudge Brownie,Peanut Butter Swirl
Peanut Butter Swirl,Mint Chocolate Chip,Purple Cow,Double Fudge Brownie
